INSERT INTO epersongroup (eperson_group_id, name) VALUES ('8fe41969-d600-4668-b0cf-d660bc868a75', 'ROLE_ADMIN');
INSERT INTO epersongroup (eperson_group_id, name) VALUES ('dfbdb6c1-b784-4073-8c87-7f451a9837ea', 'ROLE_USER');
INSERT INTO epersongroup (eperson_group_id, name) VALUES ('af3559c8-0e27-43d5-8374-60b01976c850', 'ROLE_GUEST');
--password 123456
INSERT INTO eperson (eperson_id, non_expired, non_locked, email, can_log_in, credentials_non_expired, password, name) VALUES (0, true, true, 'user@user.ru', true, true, '$2a$10$C74Qn5RYgq7G1BZ/zW/1FewH6VLfO4yP6cXhOFtGLYtfpKq71Neiy', 'User');
INSERT INTO eperson (eperson_id, non_expired, non_locked, email, can_log_in, credentials_non_expired, password, name) VALUES (1, true, true, 'admin@adm.ru', true, true, '$2a$10$C74Qn5RYgq7G1BZ/zW/1FewH6VLfO4yP6cXhOFtGLYtfpKq71Neiy',       'Admin');
INSERT INTO epersongroup2person (eperson_id, epersongroup_id) VALUES (0, 'dfbdb6c1-b784-4073-8c87-7f451a9837ea');
INSERT INTO epersongroup2person (eperson_id, epersongroup_id) VALUES (1, '8fe41969-d600-4668-b0cf-d660bc868a75');
INSERT INTO community (id_community, name) VALUES (1, 'Деловая литература');
INSERT INTO community (id_community, name) VALUES (2, 'Детективы и Триллеры');
INSERT INTO community (id_community, name) VALUES (3, 'Документальная литература');
INSERT INTO community (id_community, name) VALUES (4, 'Дом и семья');
INSERT INTO community (id_community, name) VALUES (5, 'Драматургия');
INSERT INTO community (id_community, name) VALUES (6, 'Искусство, Искусствоведение, Дизайн');
INSERT INTO community (id_community, name) VALUES (7, 'Компьютеры и Интернет');
INSERT INTO community (id_community, name) VALUES (8, 'Литература для детей');
INSERT INTO community (id_community, name) VALUES (9, 'Любовные романы');
INSERT INTO community (id_community, name) VALUES (10, 'Наука, Образование');
INSERT INTO community (id_community, name) VALUES (11, 'Поэзия');
INSERT INTO community (id_community, name) VALUES (12, 'Приключения');
INSERT INTO community (id_community, name) VALUES (13, 'Проза');
INSERT INTO community (id_community, name) VALUES (14, 'Прочее');
INSERT INTO community (id_community, name) VALUES (15, 'Религия, духовность, эзотерика');
INSERT INTO community (id_community, name) VALUES (16, 'Справочная литература');
INSERT INTO community (id_community, name) VALUES (17, 'Старинное');
INSERT INTO community (id_community, name) VALUES (18, 'Техника');
INSERT INTO community (id_community, name) VALUES (19, 'Учебники и пособия');
INSERT INTO community (id_community, name) VALUES (20, 'Фантастика');
INSERT INTO community (id_community, name) VALUES (21, 'Фольклор');
INSERT INTO community (id_community, name) VALUES (22, 'Юмор');
INSERT INTO genres (id_community, name, genre) VALUES (1, 'Деловая литература', 'economics_ref');
INSERT INTO genres (id_community, name, genre) VALUES (1, 'Карьера, кадры', 'popular_business');
INSERT INTO genres (id_community, name, genre) VALUES (1, 'Маркетинг, PR', 'org_behavior');
INSERT INTO genres (id_community, name, genre) VALUES (1, 'Финансы', 'banking');
INSERT INTO genres (id_community, name, genre) VALUES (1, 'Экономика', 'economics');
INSERT INTO genres (id_community, name, genre) VALUES (2, 'Боевик', 'det_action');
INSERT INTO genres (id_community, name, genre) VALUES (2, 'Детективы', 'detective');
INSERT INTO genres (id_community, name, genre) VALUES (2, 'Иронический детектив, дамский детективный роман', 'det_irony');
INSERT INTO genres (id_community, name, genre) VALUES (2, 'Исторический детектив', 'det_history');
INSERT INTO genres (id_community, name, genre) VALUES (2, 'Классический детектив', 'det_classic');
INSERT INTO genres (id_community, name, genre) VALUES (2, 'Криминальный детектив', 'det_crime');
INSERT INTO genres (id_community, name, genre) VALUES (2, 'Крутой детектив', 'det_hard');
INSERT INTO genres (id_community, name, genre) VALUES (2, 'Политический детектив', 'det_political');
INSERT INTO genres (id_community, name, genre) VALUES (2, 'Полицейский детектив', 'det_police');
INSERT INTO genres (id_community, name, genre) VALUES (2, 'Про маньяков', 'det_maniac');
INSERT INTO genres (id_community, name, genre) VALUES (2, 'Советский детектив', 'det_su');
INSERT INTO genres (id_community, name, genre) VALUES (2, 'Триллер', 'thriller');
INSERT INTO genres (id_community, name, genre) VALUES (2, 'Шпионский детектив', 'det_espionage');
INSERT INTO genres (id_community, name, genre) VALUES (3, 'Биографии и Мемуары', 'nonf_biography');
INSERT INTO genres (id_community, name, genre) VALUES (3, 'Военная документалистика и аналитика', 'nonf_military');
INSERT INTO genres (id_community, name, genre) VALUES (3, 'Военное дело', 'military_special');
INSERT INTO genres (id_community, name, genre) VALUES (3, 'География, путевые заметки', 'travel_notes');
INSERT INTO genres (id_community, name, genre) VALUES (3, 'Документальная литература', 'nonfiction');
INSERT INTO genres (id_community, name, genre) VALUES (3, 'Публицистика', 'nonf_publicism');
INSERT INTO genres (id_community, name, genre) VALUES (4, 'Автомобили и ПДД', 'auto_regulations');
INSERT INTO genres (id_community, name, genre) VALUES (4, 'Боевые искусства, спорт', 'home_sport');
INSERT INTO genres (id_community, name, genre) VALUES (4, 'Домашние животные', 'home_pets');
INSERT INTO genres (id_community, name, genre) VALUES (4, 'Домоводство', 'home');
INSERT INTO genres (id_community, name, genre) VALUES (4, 'Здоровье', 'home_health');
INSERT INTO genres (id_community, name, genre) VALUES (4, 'Коллекционирование', 'home_collecting');
INSERT INTO genres (id_community, name, genre) VALUES (4, 'Кулинария', 'home_cooking');
INSERT INTO genres (id_community, name, genre) VALUES (4, 'Педагогика, воспитание детей, литература для родителей', 'sci_pedagogy');
INSERT INTO genres (id_community, name, genre) VALUES (4, 'Развлечения', 'home_entertain');
INSERT INTO genres (id_community, name, genre) VALUES (4, 'Сад и огород', 'home_garden');
INSERT INTO genres (id_community, name, genre) VALUES (4, 'Сделай сам', 'home_diy');
INSERT INTO genres (id_community, name, genre) VALUES (4, 'Семейные отношения', 'family');
INSERT INTO genres (id_community, name, genre) VALUES (4, 'Семейные отношения, секс', 'home_sex');
INSERT INTO genres (id_community, name, genre) VALUES (4, 'Хобби и ремесла', 'home_crafts');
INSERT INTO genres (id_community, name, genre) VALUES (5, 'Античная драма', 'drama_antique');
INSERT INTO genres (id_community, name, genre) VALUES (5, 'Драма', 'drama');
INSERT INTO genres (id_community, name, genre) VALUES (5, 'Драматургия', 'dramaturgy');
INSERT INTO genres (id_community, name, genre) VALUES (5, 'Комедия', 'comedy');
INSERT INTO genres (id_community, name, genre) VALUES (5, 'Мистерия, буффонада, водевиль', 'vaudeville');
INSERT INTO genres (id_community, name, genre) VALUES (5, 'Сценарий', 'screenplays');
INSERT INTO genres (id_community, name, genre) VALUES (5, 'Трагедия', 'tragedy');
INSERT INTO genres (id_community, name, genre) VALUES (6, 'Живопись, альбомы, иллюстрированные каталоги', 'painting');
INSERT INTO genres (id_community, name, genre) VALUES (6, 'Искусство и Дизайн', 'design');
INSERT INTO genres (id_community, name, genre) VALUES (6, 'Искусствоведение', 'art_criticism');
INSERT INTO genres (id_community, name, genre) VALUES (6, 'Кино', 'cine');
INSERT INTO genres (id_community, name, genre) VALUES (6, 'Критика', 'nonf_criticism');
INSERT INTO genres (id_community, name, genre) VALUES (6, 'Культурология', 'sci_culture');
INSERT INTO genres (id_community, name, genre) VALUES (6, 'Мировая художественная культура', 'art_world_culture');
INSERT INTO genres (id_community, name, genre) VALUES (6, 'Музыка', 'music');
INSERT INTO genres (id_community, name, genre) VALUES (6, 'Партитуры', 'notes');
INSERT INTO genres (id_community, name, genre) VALUES (6, 'Скульптура и архитектура', 'architecture_book');
INSERT INTO genres (id_community, name, genre) VALUES (6, 'Театр', 'theatre');
INSERT INTO genres (id_community, name, genre) VALUES (7, 'Зарубежная компьютерная, околокомпьютерная литература', 'computers');
INSERT INTO genres (id_community, name, genre) VALUES (7, 'Компьютерное железо, аппаратное обеспечение, цифровая обработка сигналов', 'comp_hard');
INSERT INTO genres (id_community, name, genre) VALUES (7, 'ОС и Сети, интернет', 'comp_www');
INSERT INTO genres (id_community, name, genre) VALUES (7, 'Программирование, программы, базы данных', 'comp_db');
INSERT INTO genres (id_community, name, genre) VALUES (7, 'Учебные пособия, самоучители', 'tbg_computers');
INSERT INTO genres (id_community, name, genre) VALUES (8, 'Детская литература', 'children');
INSERT INTO genres (id_community, name, genre) VALUES (8, 'Детская образовательная литература', 'child_education');
INSERT INTO genres (id_community, name, genre) VALUES (8, 'Детская остросюжетная литература', 'child_det');
INSERT INTO genres (id_community, name, genre) VALUES (8, 'Зарубежная литература для детей', 'foreign_children');
INSERT INTO genres (id_community, name, genre) VALUES (8, 'Игры, упражнения для детей', 'prose_game');
INSERT INTO genres (id_community, name, genre) VALUES (8, 'Классическая детская литература', 'child_classical');
INSERT INTO genres (id_community, name, genre) VALUES (8, 'Проза для детей', 'child_prose');
INSERT INTO genres (id_community, name, genre) VALUES (8, 'Русские сказки', 'child_tale_rus');
INSERT INTO genres (id_community, name, genre) VALUES (8, 'Сказки народов мира', 'child_tale');
INSERT INTO genres (id_community, name, genre) VALUES (8, 'Стихи для детей', 'child_verse');
INSERT INTO genres (id_community, name, genre) VALUES (8, 'Фантастика для детей', 'child_sf');
INSERT INTO genres (id_community, name, genre) VALUES (9, 'Исторические любовные романы', 'love_history');
INSERT INTO genres (id_community, name, genre) VALUES (9, 'Короткие любовные романы', 'love_short');
INSERT INTO genres (id_community, name, genre) VALUES (9, 'Любовное фэнтези, любовно-фантастические романы', 'love_sf');
INSERT INTO genres (id_community, name, genre) VALUES (9, 'Любовные романы', 'love');
INSERT INTO genres (id_community, name, genre) VALUES (9, 'Остросюжетные любовные романы', 'love_detective');
INSERT INTO genres (id_community, name, genre) VALUES (9, 'Порно', 'love_hard');
INSERT INTO genres (id_community, name, genre) VALUES (9, 'Современные любовные романы', 'love_contemporary');
INSERT INTO genres (id_community, name, genre) VALUES (9, 'Эротическая литература', 'love_erotica');
INSERT INTO genres (id_community, name, genre) VALUES (10, 'Альтернативная медицина', 'sci_medicine_alternative');
INSERT INTO genres (id_community, name, genre) VALUES (10, 'Альтернативные науки и научные теории', 'sci_theories');
INSERT INTO genres (id_community, name, genre) VALUES (10, 'Астрономия и Космос', 'sci_cosmos');
INSERT INTO genres (id_community, name, genre) VALUES (10, 'Биология, биофизика, биохимия', 'sci_biology');
INSERT INTO genres (id_community, name, genre) VALUES (10, 'Ботаника', 'sci_botany');
INSERT INTO genres (id_community, name, genre) VALUES (10, 'Ветеринария', 'sci_veterinary');
INSERT INTO genres (id_community, name, genre) VALUES (10, 'Военная история', 'military_history');
INSERT INTO genres (id_community, name, genre) VALUES (10, 'Востоковедение', 'sci_oriental');
INSERT INTO genres (id_community, name, genre) VALUES (10, 'Геология и география', 'sci_geo');
INSERT INTO genres (id_community, name, genre) VALUES (10, 'Государство и право', 'sci_state');
INSERT INTO genres (id_community, name, genre) VALUES (10, 'Зарубежная образовательная литература, зарубежная прикладная, научно-популярная литература','sci_popular');
INSERT INTO genres (id_community, name, genre) VALUES (10, 'Зоология', 'sci_zoo');
INSERT INTO genres (id_community, name, genre) VALUES (10, 'История', 'sci_history');
INSERT INTO genres (id_community, name, genre) VALUES (10, 'Литературоведение', 'sci_philology');
INSERT INTO genres (id_community, name, genre) VALUES (10, 'Математика', 'sci_math');
INSERT INTO genres (id_community, name, genre) VALUES (10, 'Медицина', 'sci_medicine');
INSERT INTO genres (id_community, name, genre) VALUES (10, 'Научная литература', 'science');
INSERT INTO genres (id_community, name, genre) VALUES (10, 'Обществознание, социология', 'sci_social_studies');
INSERT INTO genres (id_community, name, genre) VALUES (10, 'Политика', 'sci_politics');
INSERT INTO genres (id_community, name, genre) VALUES (10, 'Психология и психотерапия', 'sci_psychology');
INSERT INTO genres (id_community, name, genre) VALUES (10, 'Физика', 'sci_phys');
INSERT INTO genres (id_community, name, genre) VALUES (10, 'Философия', 'sci_philosophy');
INSERT INTO genres (id_community, name, genre) VALUES (10, 'Химия', 'sci_chem');
INSERT INTO genres (id_community, name, genre) VALUES (10, 'Экология', 'sci_ecology');
INSERT INTO genres (id_community, name, genre) VALUES (10, 'Экономика', 'sci_economy');
INSERT INTO genres (id_community, name, genre) VALUES (10, 'Юриспруденция', 'sci_juris');
INSERT INTO genres (id_community, name, genre) VALUES (10, 'Языкознание, иностранные языки', 'sci_linguistic');
INSERT INTO genres (id_community, name, genre) VALUES (11, 'Визуальная и экспериментальная поэзия, верлибры, палиндромы', 'palindromes');
INSERT INTO genres (id_community, name, genre) VALUES (11, 'Классическая зарубежная поэзия', 'poetry_for_classical');
INSERT INTO genres (id_community, name, genre) VALUES (11, 'Классическая поэзия', 'poetry_classical');
INSERT INTO genres (id_community, name, genre) VALUES (11, 'Классическая русская поэзия', 'poetry_rus_classical');
INSERT INTO genres (id_community, name, genre) VALUES (11, 'Лирика', 'lyrics');
INSERT INTO genres (id_community, name, genre) VALUES (11, 'Песенная поэзия', 'song_poetry');
INSERT INTO genres (id_community, name, genre) VALUES (11, 'Поэзия', 'poetry');
INSERT INTO genres (id_community, name, genre) VALUES (11, 'Поэзия Востока', 'poetry_east');
INSERT INTO genres (id_community, name, genre) VALUES (11, 'Поэма, эпическая поэзия', 'poem');
INSERT INTO genres (id_community, name, genre) VALUES (11, 'Современная зарубежная поэзия', 'poetry_for_modern');
INSERT INTO genres (id_community, name, genre) VALUES (11, 'Современная поэзия', 'poetry_modern');
INSERT INTO genres (id_community, name, genre) VALUES (11, 'Современная русская поэзия', 'poetry_rus_modern');
INSERT INTO genres (id_community, name, genre) VALUES (11, 'Юмористические стихи, басни', 'humor_verse');
INSERT INTO genres (id_community, name, genre) VALUES (12, 'Авантюрный роман', 'adv_story');
INSERT INTO genres (id_community, name, genre) VALUES (12, 'Вестерн, про индейцев', 'adv_indian');
INSERT INTO genres (id_community, name, genre) VALUES (12, 'Исторические приключения', 'adv_history');
INSERT INTO genres (id_community, name, genre) VALUES (12, 'Морские приключения', 'adv_maritime');
INSERT INTO genres (id_community, name, genre) VALUES (12, 'Приключения', 'adventure');
INSERT INTO genres (id_community, name, genre) VALUES (12, 'Приключения в современном мире', 'adv_modern');
INSERT INTO genres (id_community, name, genre) VALUES (12, 'Приключения для детей и подростков', 'child_adv');
INSERT INTO genres (id_community, name, genre) VALUES (12, 'Природа и животные', 'adv_animal');
INSERT INTO genres (id_community, name, genre) VALUES (12, 'Путешествия и география', 'adv_geo');
INSERT INTO genres (id_community, name, genre) VALUES (12, 'Рыцарский роман', 'tale_chivalry');
INSERT INTO genres (id_community, name, genre) VALUES (13, 'Афоризмы, цитаты', 'aphorisms');
INSERT INTO genres (id_community, name, genre) VALUES (13, 'Готический роман', 'gothic_novel');
INSERT INTO genres (id_community, name, genre) VALUES (13, 'Зарубежная классическая проза', 'foreign_prose');
INSERT INTO genres (id_community, name, genre) VALUES (13, 'Историческая проза', 'prose_history');
INSERT INTO genres (id_community, name, genre) VALUES (13, 'Классическая проза', 'prose_classic');
INSERT INTO genres (id_community, name, genre) VALUES (13, 'Классическая проза XVII-XVIII веков', 'literature_18');
INSERT INTO genres (id_community, name, genre) VALUES (13, 'Классическая проза ХIX века', 'literature_19');
INSERT INTO genres (id_community, name, genre) VALUES (13, 'Классическая проза ХX века', 'literature_20');
INSERT INTO genres (id_community, name, genre) VALUES (13, 'Контркультура', 'prose_counter');
INSERT INTO genres (id_community, name, genre) VALUES (13, 'Магический реализм', 'prose_magic');
INSERT INTO genres (id_community, name, genre) VALUES (13, 'Малые литературные формы прозы: рассказы, эссе, новеллы, феерия', 'story');
INSERT INTO genres (id_community, name, genre) VALUES (13, 'Проза', 'prose');
INSERT INTO genres (id_community, name, genre) VALUES (13, 'Проза о войне', 'prose_military');
INSERT INTO genres (id_community, name, genre) VALUES (13, 'Роман, повесть', 'great_story');
INSERT INTO genres (id_community, name, genre) VALUES (13, 'Русская классическая проза', 'prose_rus_classic');
INSERT INTO genres (id_community, name, genre) VALUES (13, 'Советская классическая проза', 'prose_su_classics');
INSERT INTO genres (id_community, name, genre) VALUES (13, 'Современная русская и зарубежная проза', 'prose_contemporary');
INSERT INTO genres (id_community, name, genre) VALUES (13, 'Средневековая классическая проза', 'foreign_antique');
INSERT INTO genres (id_community, name, genre) VALUES (13, 'Фантасмагория, абсурдистская проза', 'prose_abs');
INSERT INTO genres (id_community, name, genre) VALUES (13, 'Экспериментальная, неформатная проза', 'prose_neformatny');
INSERT INTO genres (id_community, name, genre) VALUES (13, 'Эпистолярная проза', 'epistolary_fiction');
INSERT INTO genres (id_community, name, genre) VALUES (14, 'Журналы, газеты', 'periodic');
INSERT INTO genres (id_community, name, genre) VALUES (14, 'Комиксы', 'comics');
INSERT INTO genres (id_community, name, genre) VALUES (14, 'Незавершенное', 'unfinished');
INSERT INTO genres (id_community, name, genre) VALUES (14, 'Неотсортированное', 'other');
INSERT INTO genres (id_community, name, genre) VALUES (14, 'Самиздат, сетевая литература', 'network_literature');
INSERT INTO genres (id_community, name, genre) VALUES (14, 'Фанфик', 'fanfiction');
INSERT INTO genres (id_community, name, genre) VALUES (15, 'Астрология и хиромантия', 'astrology');
INSERT INTO genres (id_community, name, genre) VALUES (15, 'Буддизм', 'religion_budda');
INSERT INTO genres (id_community, name, genre) VALUES (15, 'Индуизм', 'religion_hinduism');
INSERT INTO genres (id_community, name, genre) VALUES (15, 'Ислам', 'religion_islam');
INSERT INTO genres (id_community, name, genre) VALUES (15, 'Иудаизм', 'religion_judaism');
INSERT INTO genres (id_community, name, genre) VALUES (15, 'Католицизм', 'religion_catholicism');
INSERT INTO genres (id_community, name, genre) VALUES (15, 'Православие', 'religion_orthodoxy');
INSERT INTO genres (id_community, name, genre) VALUES (15, 'Протестантизм', 'religion_prontism');
INSERT INTO genres (id_community, name, genre) VALUES (15, 'Религиоведение', 'sci_religion');
INSERT INTO genres (id_community, name, genre) VALUES (15, 'Религия, религиозная литература', 'religion');
INSERT INTO genres (id_community, name, genre) VALUES (15, 'Самосовершенствование', 'religion_self');
INSERT INTO genres (id_community, name, genre) VALUES (15, 'Христианство', 'religion_christianity');
INSERT INTO genres (id_community, name, genre) VALUES (15, 'Эзотерика, эзотерическая литература', 'religion_esoterics');
INSERT INTO genres (id_community, name, genre) VALUES (15, 'Язычество', 'religion_paganism');
INSERT INTO genres (id_community, name, genre) VALUES (16, 'Путеводители, карты, атласы', 'geo_guides');
INSERT INTO genres (id_community, name, genre) VALUES (16, 'Руководства', 'ref_guide');
INSERT INTO genres (id_community, name, genre) VALUES (16, 'Словари', 'ref_dict');
INSERT INTO genres (id_community, name, genre) VALUES (16, 'Справочная литература', 'reference');
INSERT INTO genres (id_community, name, genre) VALUES (16, 'Справочники', 'ref_ref');
INSERT INTO genres (id_community, name, genre) VALUES (16, 'Энциклопедии', 'ref_encyc');
INSERT INTO genres (id_community, name, genre) VALUES (17, 'Прочая старинная литература', 'antique');
INSERT INTO genres (id_community, name, genre) VALUES (17, 'Античная литература', 'antique_ant');
INSERT INTO genres (id_community, name, genre) VALUES (17, 'Древневосточная литература', 'antique_east');
INSERT INTO genres (id_community, name, genre) VALUES (17, 'Древнерусская литература', 'antique_russian');
INSERT INTO genres (id_community, name, genre) VALUES (17, 'Европейская старинная литература', 'antique_european');
INSERT INTO genres (id_community, name, genre) VALUES (18, 'Автодело', 'auto_business');
INSERT INTO genres (id_community, name, genre) VALUES (18, 'Военное дело, военная техника и вооружение', 'military_weapon');
INSERT INTO genres (id_community, name, genre) VALUES (18, 'История техники', 'equ_history');
INSERT INTO genres (id_community, name, genre) VALUES (18, 'Металлургия', 'sci_metal');
INSERT INTO genres (id_community, name, genre) VALUES (18, 'Радиоэлектроника', 'sci_radio');
INSERT INTO genres (id_community, name, genre) VALUES (18, 'Строительство и сопромат', 'sci_build');
INSERT INTO genres (id_community, name, genre) VALUES (18, 'Технические науки', 'sci_tech');
INSERT INTO genres (id_community, name, genre) VALUES (18, 'Транспорт и авиация', 'sci_transport');
INSERT INTO genres (id_community, name, genre) VALUES (19, 'Учебники и пособия', 'sci_textbook');
INSERT INTO genres (id_community, name, genre) VALUES (19, 'Учебники и пособия ВУЗов', 'tbg_higher');
INSERT INTO genres (id_community, name, genre) VALUES (19, 'Учебники и пособия для среднего и специального образования', 'tbg_secondary');
INSERT INTO genres (id_community, name, genre) VALUES (19, 'Школьные учебники и пособия, рефераты, шпаргалки', 'tbg_school');
INSERT INTO genres (id_community, name, genre) VALUES (20, 'Альтернативная история, попаданцы', 'sf_history');
INSERT INTO genres (id_community, name, genre) VALUES (20, 'Боевая фантастика', 'sf_action');
INSERT INTO genres (id_community, name, genre) VALUES (20, 'Героическая фантастика', 'sf_heroic');
INSERT INTO genres (id_community, name, genre) VALUES (20, 'Городское фэнтези', 'sf_fantasy_city');
INSERT INTO genres (id_community, name, genre) VALUES (20, 'Детективная фантастика', 'sf_detective');
INSERT INTO genres (id_community, name, genre) VALUES (20, 'Киберпанк', 'sf_cyberpunk');
INSERT INTO genres (id_community, name, genre) VALUES (20, 'Космическая фантастика', 'sf_space');
INSERT INTO genres (id_community, name, genre) VALUES (20, 'ЛитРПГ', 'sf_litrpg');
INSERT INTO genres (id_community, name, genre) VALUES (20, 'Мистика', 'sf_mystic');
INSERT INTO genres (id_community, name, genre) VALUES (20, 'Мифологическое фэнтези', 'fairy_fantasy');
INSERT INTO genres (id_community, name, genre) VALUES (20, 'Научная Фантастика', 'sf');
INSERT INTO genres (id_community, name, genre) VALUES (20, 'Постапокалипсис', 'sf_postapocalyptic');
INSERT INTO genres (id_community, name, genre) VALUES (20, 'Славянское фэнтези', 'russian_fantasy');
INSERT INTO genres (id_community, name, genre) VALUES (20, 'Современная сказка', 'modern_tale');
INSERT INTO genres (id_community, name, genre) VALUES (20, 'Социально-психологическая фантастика', 'sf_social');
INSERT INTO genres (id_community, name, genre) VALUES (20, 'Стимпанк', 'sf_stimpank');
INSERT INTO genres (id_community, name, genre) VALUES (20, 'Технофэнтези', 'sf_technofantasy');
INSERT INTO genres (id_community, name, genre) VALUES (20, 'Ужасы', 'sf_horror');
INSERT INTO genres (id_community, name, genre) VALUES (20, 'Фантастика', 'sf_etc');
INSERT INTO genres (id_community, name, genre) VALUES (20, 'Фэнтези', 'sf_fantasy');
INSERT INTO genres (id_community, name, genre) VALUES (20, 'Хроноопера', 'hronoopera');
INSERT INTO genres (id_community, name, genre) VALUES (20, 'Эпическая фантастика', 'sf_epic');
INSERT INTO genres (id_community, name, genre) VALUES (20, 'Юмористическая фантастика', 'sf_humor');
INSERT INTO genres (id_community, name, genre) VALUES (21, 'Былины, эпопея', 'epic');
INSERT INTO genres (id_community, name, genre) VALUES (21, 'Детский фольклор', 'child_folklore');
INSERT INTO genres (id_community, name, genre) VALUES (21, 'Мифы. Легенды. Эпос', 'antique_myths');
INSERT INTO genres (id_community, name, genre) VALUES (21, 'Народные песни', 'folk_songs');
INSERT INTO genres (id_community, name, genre) VALUES (21, 'Народные сказки', 'folk_tale');
INSERT INTO genres (id_community, name, genre) VALUES (21, 'Пословицы, поговорки', 'proverbs');
INSERT INTO genres (id_community, name, genre) VALUES (21, 'Фольклор, загадки', 'folklore');
INSERT INTO genres (id_community, name, genre) VALUES (21, 'Частушки, прибаутки, потешки', 'limerick');
INSERT INTO genres (id_community, name, genre) VALUES (22, 'Анекдоты', 'humor_anecdote');
INSERT INTO genres (id_community, name, genre) VALUES (22, 'Сатира', 'humor_satire');
INSERT INTO genres (id_community, name, genre) VALUES (22, 'Юмор', 'humor');
INSERT INTO genres (id_community, name, genre) VALUES (22, 'Юмористическая проза', 'humor_prose');